scenario,EL_mean,P95,P99
base,327273591.69175303,356013636.5119174,369366942.06140214
mild_recession,545598738.4213097,583907502.5050558,598750211.5851258
severe_recession,1036237991.38551,1089491359.1711404,1108158940.1632984
